{
    "image": "ghcr.io/uom-eee-eeen1xxx2/dockerfile:latest",
    "capAdd": ["SYS_PTRACE"],
    "securityOpt": ["seccomp=unconfined"],
    "customizations": {
        "vscode": {
            "extensions": [
                "ms-vscode.cpptools",
				"ms-vscode.cpptools-extension-pack",
				"ms-vscode.cpptools-themes",
                "ms-vscode.cmake-tools",
                "ms-vscode.cmake-tools",
				"ms-vscode-remote.remote-containers",
				"GitHub.vscode-pull-request-github",
				"github.codespaces",		
                "eamodio.gitlens",
                "streetsidesoftware.code-spell-checker",
				"formulahendry.code-runner"
			]
		}
	},
	"settings": {
	    "terminal.integrated.defaultProfile.linux": "bash",
		"terminal.integrated.profiles.linux": {
          "bash": {
            "path": "bash",
            "icon": "terminal-bash"
          },
	    }
	},
    "postAttachCommand": ["git", "config", "--global", "--add", "safe.directory", "${containerWorkspaceFolder}"],
	"forwardPorts": [],
	"remoteUser": "vscode"
}
